,method,image_id,eps,fake_iou,perturbation,bounds_clip,ub_box,lb_box,gt,optim_box,elapsed_time_perturbation,elapsed_time_eps_computed_ious,IoU_vanilla,tmps_vanilla,IoU_extension,tmps_extension
0,backward (CROWN),1,0.002,False,brightness,"[[154.60437, 102.53485, 179.56694, 121.3811], [155.76324, 103.10214, 181.02534, 122.12671]]","[155.76324, 103.10214, 181.02534, 122.12671]","[154.60437, 102.53485, 179.56694, 121.3811]",[154.77124 102.09064 180.18301 120.9426 ],"[155.76324, 122.12671, 103.10214, 122.12671]",3.123735189437866,0.011955976486206055,"[0.7423903039247676, 1]",6.175041198730469e-05,"[0.831407904624939, 0.9542407]",0.007687091827392578
1,backward (CROWN),1,0.01,False,brightness,"[[150.89082, 101.085365, 175.2177, 119.497055], [160.85265, 105.26429, 186.69737, 124.726036]]","[160.85265, 105.26429, 186.69737, 124.726036]","[150.89082, 101.085365, 175.2177, 119.497055]",[154.77124 102.09064 180.18301 120.9426 ],"[160.85265, 124.726036, 105.26429, 124.726036]",7.03793478012085,0.012157917022705078,"[0.18236976640771008, 1]",6.103515625e-05,"[0.4222254157066345, 1.0]",0.007838010787963867
2,backward (CROWN),1,0.02,True,brightness,"[[131.12175, 95.69261, 154.74255, 113.60463], [186.78198, 115.24075, 216.60048, 135.32626]]","[186.78198, 115.24075, 216.60048, 135.32626]","[131.12175, 95.69261, 154.74255, 113.60463]",[154.77124 102.09064 180.18301 120.9426 ],"[0, 0, 0, 0]",11.240047216415405,0.0014388561248779297,"[0, 1]",0.0,"[0, 1]",0.0
