,method,image_id,eps,fake_iou,perturbation,bounds_clip,ub_box,lb_box,gt,optim_box,elapsed_time_perturbation,elapsed_time_eps_computed_ious,IoU_vanilla,tmps_vanilla,IoU_extension,tmps_extension
0,backward (CROWN),23,0.002,False,brightness,"[[143.33032, 102.69423, 167.67958, 118.98101], [144.83592, 103.439674, 169.42848, 119.87427]]","[144.83592, 103.439674, 169.42848, 119.87427]","[143.33032, 102.69423, 167.67958, 118.98101]",[144.10457  102.47734  168.67973  118.912384],"[144.83592, 119.87427, 103.439674, 119.87427]",3.570363998413086,0.012143850326538086,"[0.7085959324414773, 1]",6.103515625e-05,"[0.8299620747566223, 0.9827]",0.007854938507080078
1,backward (CROWN),23,0.01,False,brightness,"[[138.45216, 100.46334, 162.07063, 116.261696], [153.62105, 106.70528, 178.99316, 123.62875]]","[153.62105, 106.70528, 178.99316, 123.62875]","[138.45216, 100.46334, 162.07063, 116.261696]",[144.10457  102.47734  168.67973  118.912384],"[153.62105, 116.261696, 106.70528, 116.261696]",7.775719165802002,0.013077020645141602,"[0.06396902232445881, 1]",6.985664367675781e-05,"[0.19992324709892273, 1.0]",0.008538246154785156
2,backward (CROWN),23,0.02,True,brightness,"[[106.67897, 91.66226, 125.766914, 105.82209], [187.27414, 122.093834, 217.12943, 139.62733]]","[187.27414, 122.093834, 217.12943, 139.62733]","[106.67897, 91.66226, 125.766914, 105.82209]",[144.10457  102.47734  168.67973  118.912384],"[0, 0, 0, 0]",13.46295714378357,0.0016918182373046875,"[0, 1]",0.0,"[0, 1]",0.0
