,method,image_id,eps,fake_iou,perturbation,bounds_clip,ub_box,lb_box,gt,optim_box,elapsed_time_perturbation,elapsed_time_eps_computed_ious,IoU_vanilla,tmps_vanilla,IoU_extension,tmps_extension
0,backward (CROWN),56,0.002,False,brightness,"[[90.14411, 122.39333, 122.568665, 131.57709], [90.6722, 123.04369, 123.188416, 132.24736]]","[90.6722, 123.04369, 123.188416, 132.24736]","[90.14411, 122.39333, 122.568665, 131.57709]",[ 89.62092 121.23263 121.93464 130.32024],"[90.6722, 132.24736, 123.04369, 132.24736]",2.775238275527954,0.014383077621459961,"[0.5806212432982353, 0.8029606632828589]",7.390975952148438e-05,"[0.6224884986877441, 0.7424154]",0.009373903274536133
1,backward (CROWN),56,0.01,False,brightness,"[[88.540405, 120.8376, 120.72186, 129.9728], [92.45105, 124.69751, 125.15612, 133.94585]]","[92.45105, 124.69751, 125.15612, 133.94585]","[88.540405, 120.8376, 120.72186, 129.9728]",[ 89.62092 121.23263 121.93464 130.32024],"[92.45105, 133.94585, 124.69751, 133.94585]",6.321026086807251,0.012344598770141602,"[0.23881501516775425, 1]",6.508827209472656e-05,"[0.38522258400917053, 1.0]",0.007980823516845703
2,backward (CROWN),56,0.02,True,brightness,"[[84.96735, 118.21146, 116.76993, 127.259735], [97.043724, 127.688225, 130.03825, 137.01967]]","[97.043724, 127.688225, 130.03825, 137.01967]","[84.96735, 118.21146, 116.76993, 127.259735]",[ 89.62092 121.23263 121.93464 130.32024],"[0, 0, 0, 0]",9.343240976333618,0.0015277862548828125,"[0, 1]",0.0,"[0, 1]",0.0
