,method,image_id,eps,fake_iou,perturbation,bounds_clip,ub_box,lb_box,gt,optim_box,elapsed_time_perturbation,elapsed_time_eps_computed_ious,IoU_vanilla,tmps_vanilla,IoU_extension,tmps_extension
0,backward (CROWN),89,0.002,False,brightness,"[[167.22255, 109.02464, 176.3989, 119.14063], [167.83699, 109.379814, 176.79694, 119.45246]]","[167.83699, 109.379814, 176.79694, 119.45246]","[167.22255, 109.02464, 176.3989, 119.14063]",[166.37909 107.60121 175.26797 117.65559],"[167.83699, 119.45246, 109.379814, 119.45246]",2.6668331623077393,0.012334823608398438,"[0.4815183982378829, 0.6708896588767862]",6.29425048828125e-05,"[0.5206087827682495, 0.6158156]",0.007975101470947266
1,backward (CROWN),89,0.01,False,brightness,"[[165.58705, 108.17298, 175.1332, 118.34931], [169.51967, 110.37202, 178.07724, 120.36202]]","[169.51967, 110.37202, 178.07724, 120.36202]","[165.58705, 108.17298, 175.1332, 118.34931]",[166.37909 107.60121 175.26797 117.65559],"[169.51967, 120.36202, 110.37202, 120.36202]",7.051037073135376,0.011959075927734375,"[0.20368995943894108, 1]",6.29425048828125e-05,"[0.31481218338012695, 0.8822586]",0.0077419281005859375
2,backward (CROWN),89,0.02,True,brightness,"[[162.43317, 106.73736, 172.0717, 116.913216], [172.83353, 112.28726, 181.03525, 122.21334]]","[172.83353, 112.28726, 181.03525, 122.21334]","[162.43317, 106.73736, 172.0717, 116.913216]",[166.37909 107.60121 175.26797 117.65559],"[0, 0, 0, 0]",8.56085205078125,0.0015769004821777344,"[0, 1]",0.0,"[0, 1]",0.0
